s_no,first_name,last_name,phone_number
1,Virgil,Crittal,4834436842
2,Jordanna,Backe,2701870439
3,Sven,Cattellion,5384921693
4,Deb,Eland,3573822906
5,Emlynne,De Blasi,3952294123
6,Constantine,Kerner,5887460641
7,Gage,Beardow,9249588542
8,Edgardo,Lawey,4071364756
9,Teodora,Cradduck,2656276203
10,Marie,Hobson,8235489423
11,Joshia,Thripp,9759040634
12,Vlad,Williment,1702683634
13,Martyn,Rivers,6621661033
14,Dulcinea,Ferfulle,4509624340
15,Joellyn,Felmingham,9818936788
16,Judith,Brandoni,2821808697
17,Bernard,Hurleston,5171569101
18,Chrissy,MacAskie,2735415359
19,Amby,Hartless,7913551562
20,Benedikta,Greatex,7205008136
21,Eddi,Thoumasson,5138533133
22,Regan,Halesworth,7775069038
23,Josefina,Addis,7319287388
24,Malynda,Pestricke,6084913233
25,Flin,McCay,9286975408
26,Nissie,Wisniewski,4529033292
27,Millard,Havill,3883317457
28,Ardelle,Christin,5217872547
29,Delia,Tithecott,6226847599
30,Link,McFayden,9109749651
31,Noak,Hardison,3368308146
32,Amil,Quibell,5339868395
33,Wendy,De Simone,7406248521
34,Gray,Maps,5237388436
35,Levin,Ivshin,4083238633
36,Jammie,Blumson,1761835738
37,Earvin,Santacrole,3465718527
38,Goran,Tofful,9711089143
39,Leonid,Jonk,2201255727
40,Desiri,Abrahmson,2489477564
41,Ogdan,Eddow,4082738405
42,Obadias,Pristnor,7274329299
43,Carter,Boerderman,1892628816
44,Bethena,Scrine,9642146141
45,Evvy,Udell,9382915430
46,Ianthe,Paprotny,9972142144
47,Madel,McMickan,5494555336
48,Ibrahim,Benneyworth,2433278901
49,Wernher,Jezzard,9977421583
50,Ethe,Tittershill,4223237205
51,Jan,Mitro,8583923373
52,Pacorro,Cristofvao,1822850994
53,Tamma,Glaserman,9955266663
54,Gale,Cockayne,6013131460
55,Duncan,Cornelisse,5761283895
56,Tobey,Balser,4694017768
57,Avie,Domb,8292810445
58,Guenna,Siely,5118646506
59,Sigvard,Gilphillan,1781039518
60,Briggs,Cattermole,4502092705
61,Jerry,Discombe,9747830494
62,Winona,Epgrave,3211293616
63,Madelle,Clyant,7316627196
64,Austen,Cottis,4163430830
65,Mycah,Woodyear,2025807087
66,Rancell,Jewers,3998419465
67,Zonnya,Copnell,4106018473
68,Percy,Pine,2919504466
69,Maribel,Carpe,6471047398
70,Marcie,Lackemann,9917068409
71,Nikki,Francomb,5861031087
72,Bonnee,Whilde,1208533243
73,Lari,Raatz,5938122679
74,Deerdre,Vardie,7132501682
75,Andie,Galilee,6252487479
76,Blinny,Lunk,1362915406
77,Marlowe,Owenson,8596124411
78,Nikolaos,Partridge,1062455012
79,Minni,Okker,2617581578
80,Mallissa,Dahle,1764090645
81,Sheridan,Tomasz,8393554812
82,Marcos,Crocetti,9361470478
83,Gaile,McVeagh,7101960022
84,Cull,Kendal,4962046132
85,Sinclare,Duckerin,3975375109
86,Mathew,Pledge,5809348977
87,Benoit,Spurden,9263048658
88,Guenna,Rappa,7327888023
89,Marthe,Arnopp,3967326706
90,Trudi,Deegan,3205988537
91,Jasper,Schriren,6357480619
92,Jewell,Aronovitz,7992096898
93,Timothea,Creber,8594883408
94,Chalmers,Longbothom,2997219275
95,Johny,Jerzyk,5387840433
96,Ynes,Cleveley,3257020405
97,Tamma,Stango,8547580413
98,Bartholomeo,Fulkes,6403538065
99,Dwayne,Robbert,9075127806
100,Lian,Eyrl,2516786134
101,Erma,Witling,8563573183
102,Haze,Hartright,8879803593
103,Vinny,Clail,5685300858
104,Gaven,Moorey,5748567154
105,Flossi,Highnam,2033985795
106,Tamma,Burtwistle,2082099485
107,Germayne,Figiovanni,6288243531
108,Sheridan,Attride,1993522473
109,Doyle,Hoult,8262371111
110,Gil,Gyles,5712534963
111,Gizela,Kelland,7239827911
112,Karee,Novakovic,2942389839
113,Philis,Carman,1088206759
114,Tania,Ginn,7983697286
115,Rob,Dur,7987768296
116,Becka,Gossage,5716579297
117,Vaclav,Gillease,8004388383
118,Antone,Cutridge,9962740180
119,Robina,Hewes,5024612552
120,Florie,Rablin,8816358973
121,Roddy,Kynastone,2251574370
122,Pegeen,Fishbie,5685494896
123,Cathy,Sarvar,7401259759
124,Nerti,Lambertson,7423314818
125,Xaviera,Scarre,4664905782
126,Nettie,Letchmore,9078982334
127,Perren,Mazella,3662657627
128,Davie,Grellier,4069060496
129,Daisie,McCalister,9066193902
130,Joann,Canny,8605816829
131,Keelia,Simonelli,3829305179
132,Oliver,Wychard,5049134964
133,Merci,Moehle,4995014724
134,Jarvis,Kaemena,1318612610
135,Dag,Duesbury,6878419467
136,Adi,Prin,1762077370
137,Kakalina,Forsdyke,4818221468
138,Lynnea,Nystrom,7611383653
139,Sallyanne,Joyes,4921237420
140,Finn,Triggol,5268777958
141,Ring,Thornhill,7854441741
142,Germaine,Hablet,9924481750
143,Carlyn,Downing,7678904027
144,Chan,Capper,4559242741
145,Dave,But,7375248933
146,Den,Yvon,1184031448
147,Joline,Othen,3204818065
148,Aldis,Kinnerk,2059999886
149,Colby,Thandi,9287827060
150,Thaine,Revie,8177740435
151,Karalee,Spurdens,1056635791
152,Mitchell,Kelemen,2899098385
153,Moritz,Moresby,1327056469
154,Monique,Brydie,3744281335
155,Andrej,Andrich,5846397044
156,Olag,Craw,8344459905
157,Huey,Gladyer,5454164536
158,Rip,Yablsley,9982823700
159,Brandon,Tonner,3129187048
160,Libbey,Birdwistle,5652376427
161,Antonella,Rate,6911211755
162,Trueman,Paulus,4202594851
163,Janice,Van der Mark,8696946923
164,Evangeline,Pentony,8754908504
165,Giulietta,Kerford,5117203487
166,Forester,Sine,4223745043
167,Cedric,Hobden,2129095958
168,Ignatius,Pidler,2835429616
169,Ron,Sheaber,3155814744
170,Amie,Timmins,2075476299
171,Heidi,Antliff,6777617525
172,Tiffi,Handslip,7721381134
173,Carrie,Curneen,1021831698
174,Oswald,Wagstaffe,3454900663
175,Olag,Dalwood,5636163580
176,Martie,Boggis,2608087722
177,Aloise,Tregea,4112306073
178,Josy,Everleigh,3647809396
179,Faina,Gaye,4612838552
180,Burk,Adanet,1828433413
181,Erin,Treen,7613988890
182,Lori,Follows,5885972555
183,Kenon,Liles,6601530141
184,Nataline,Stickler,5816953909
185,Caroljean,Chimenti,1168517116
186,Lewiss,Pluvier,4647665348
187,Johnna,Riggoll,7164046407
188,Karole,Orfeur,6618977508
189,Isaac,Helix,7832664863
190,Tabbie,Swaite,1623888007
191,Ulrika,Longhurst,7916908236
192,Liuka,Benezet,7548319839
193,Maje,Moralee,4142613064
194,Gusti,Wakerley,9686577761
195,Katherina,De Biaggi,8885634835
196,Brita,Hinkley,8535644457
197,Karil,Bootman,4823733035
198,Hyacinthe,Vannuccini,7379278022
199,Zacharie,Halloran,8585641381
200,Eleanor,Karpets,1578191191
201,Jonas,Garvagh,6945369003
202,Thurston,Nutbeam,9839080822
203,Sharla,Neate,8453965016
204,Artemas,Stobo,7171200894
205,Burnaby,Ilchuk,5092558220
206,Bale,McArdle,1094956183
207,Jervis,Flohard,6459517034
208,Giana,Fookes,3952232721
209,Louis,Shawcroft,4562334827
210,Suellen,Angrave,5735609268
211,Darby,England,5492930633
212,Sully,Brabben,9179962715
213,Washington,Gethouse,1977668354
214,Cort,Lund,2702699871
215,Kathye,Giroldi,4723896128
216,Ingaborg,Kocher,6885965213
217,Maye,Olivetta,2335180862
218,Alyson,Beaumont,2064454086
219,Robin,de Clercq,8573814935
220,Elsa,Goalley,5412510418
221,Roi,Ovington,7666608247
222,Stephine,MacNeillie,5782392741
223,Patsy,Sturdy,6937525169
224,Hamlen,Kelledy,1015257015
225,Charo,Garthside,8089960073
226,Cyrill,Crack,5166190241
227,Griswold,Fayer,5736444729
228,Leonie,Gubbins,1079084620
229,Lovell,Ferdinand,8406058447
230,Lyndy,Olivello,6022379695
231,Jabez,Beeden,2718179676
232,Jon,Bumphrey,9777025270
233,Nan,Amort,9495441790
234,Steffi,Hadlee,3427791169
235,Aimil,Haker,6195803587
236,Rhett,Izacenko,4431783490
237,Corby,Kerswell,9623948442
238,Skippie,Cousin,6075553526
239,Robbie,Chrstine,9085718329
240,Robinett,Gocher,7157030755
241,Elysha,Quinby,3397772524
242,Dickie,Cartlidge,3305351774
243,Chance,Lowdwell,4593194470
244,Kellsie,Kincey,4142432404
245,Rory,Parlott,4154581549
246,Jule,Willcot,8479202302
247,Jerald,Hargate,2237642215
248,Elianora,Fleg,6262316837
249,Dilan,Marciek,3933931314
250,Torrey,Crookall,6659202669
251,Alleen,Tembridge,6126495019
252,Torrie,Swendell,1407380196
253,Bobbe,Geri,8404810791
254,Claude,Jiroudek,7762751432
255,Jessey,Minelli,6976822020
256,Blancha,Lambertson,1569886206
257,Rosemonde,Parres,9022456725
258,Meryl,Fibbings,4584195143
259,Yance,Tommasi,9785559488
260,Peder,Stockman,8683308404
261,Giulio,Inskipp,2508941259
262,Grissel,Drohan,5122000203
263,Ludwig,Quixley,9518958127
264,Averil,Hedylstone,3064232155
265,Maud,Loughran,9696933222
266,Barton,Pitman,6264648586
267,Lucky,Everix,4007962534
268,Hope,Peachey,3956516143
269,Sharia,Wolpert,6747025040
270,Artair,Brozsset,3548712839
271,Marinna,Peachment,3989540494
272,Constantin,Firth,9869584599
273,Alejandro,Jahndel,8281407124
274,Augustin,Ceely,7086619578
275,Rand,Lamplough,9006676481
276,Laurence,Dhenin,6523747900
277,Dirk,Parade,2013099103
278,Osbourne,Jiroudek,4684366444
279,Jeffy,Eddoes,5037272704
280,Mac,Mooreed,6737283274
281,Brandy,Duckinfield,9046543130
282,Jamie,Dicty,9837614524
283,Riccardo,Shervil,5716484568
284,Leonhard,Goodred,5123216456
285,Chalmers,Norcliffe,3237387868
286,Tera,Gronno,7712334396
287,Modestine,Basindale,5918211489
288,Meier,Hearnah,1829971961
289,Chevy,O'Brollachain,9132334676
290,Susanne,de Keyser,6193956955
291,Jermaine,Papes,8627476677
292,Lonna,Hrinchishin,1583269157
293,Bettye,Quenby,4798792210
294,Serge,Olley,4113808932
295,Walker,Degenhardt,3329556122
296,Genna,Minshull,2491136941
297,Jammal,Feak,8662138618
298,Lilyan,Van Waadenburg,8768811598
299,Scotty,Filchakov,8574386475
300,Hurleigh,Whetton,8624434042
301,Etty,Catonne,6589366702
302,Garwood,Mitten,3747518204
303,Jaclyn,Spellar,5347784899
304,Cody,Attersoll,9357501654
305,Val,Beardow,2057791088
306,Willi,Skillitt,3209533233
307,Junia,Cranmor,3263176657
308,Mei,Hardaway,2479831247
309,Bryon,Austwick,7273834926
310,Marcia,Windous,1172654546
311,Batsheva,Dust,4888339233
312,Michaelina,Joanaud,9044376783
313,Kareem,Godding,3705773441
314,Perri,Garrity,4881297154
315,Bill,Kivits,5365041213
316,Tiffani,Woolliams,2301365245
317,Vivyan,McClaurie,1459162523
318,Buiron,Tinwell,1092515351
319,Pennie,Frude,2206632623
320,Aguistin,Corking,6078836726
321,Carena,Engledow,8592586437
322,Katee,Janaszkiewicz,9684841511
323,Vikki,Matthai,1641200744
324,Hercules,Trump,5859238698
325,Elly,Segrott,5982616697
326,Brunhilda,Dade,4395900206
327,Peggi,Mazonowicz,6958420643
328,Justin,Guye,9975278622
329,Beverlie,Dymond,2462682572
330,Merl,Poulglais,3726024483
331,Christa,Whyteman,5253687758
332,Noe,Egdal,9604084927
333,Mariann,Sturley,1925309284
334,Emmey,Kington,6013475534
335,Livvyy,Seamon,4593958090
336,Bren,Keeling,4546542268
337,Wake,Burdge,3052331526
338,Erik,Got,6793202376
339,Modestine,Earey,3592755702
340,Stacie,Filppetti,4032575900
341,Cad,Gillebert,1791816569
342,Darryl,Riddick,3051727171
343,Blane,Phillot,9849977058
344,Dniren,Louth,6264114230
345,Basil,Ablewhite,7115009208
346,Lynnett,Cleeton,6597256540
347,Libbie,Drewet,2046376353
348,Nicholas,Cridlon,7479610708
349,Kerk,Potticary,4974012143
350,Ladonna,Broun,6199421952
351,Nikaniki,Hembling,1792006585
352,Shanan,Bofield,2124284015
353,Mead,Aspray,9165488982
354,Nichole,Picott,2483516317
355,Audra,Roebuck,9931017813
356,Boothe,Blazejewski,3634573481
357,Viola,O'Halligan,2327826818
358,Bary,Haycox,1162192769
359,Linet,Witherspoon,5556606604
360,Gladi,Helix,2827059853
361,Antonie,Reightley,4145215141
362,Isadore,Gascoine,7903496396
363,Muhammad,Scones,4843450069
364,Arty,Bryce,2648531809
365,Delano,Fowkes,5782452718
366,Cesare,Frackiewicz,7793311626
367,Rourke,Retallack,7995953268
368,Tiebold,Antoney,8085793175
369,Thea,Hatz,6757400126
370,Greta,Maria,4029138981
371,Klarrisa,Eaddy,7292622039
372,Suzanna,Babon,2396347837
373,Savina,Cadlock,6413421409
374,Hy,Gherardini,2407055480
375,Felicio,Dedam,8244538240
376,Carol-jean,Colbrun,8007985672
377,Vania,Damsell,4144108771
378,Gaultiero,Helix,9052897684
379,Zahara,Frisdick,4688720425
380,Lindsey,Alexandersson,4776256967
381,Cassondra,McMorran,1978881130
382,Kalina,Sales,1288236792
383,Shepherd,Loveard,2792871375
384,Krissie,Northcote,7693359714
385,Wally,Ronaldson,3901527895
386,Rhona,Vasyaev,5402699703
387,Daphne,Eversfield,5579416210
388,Jenn,Carnduff,6985007843
389,Yalonda,Tremberth,2133682824
390,Boote,Slocum,8023513158
391,Carmela,Schimaschke,8644368287
392,Austin,Howsam,2567042092
393,Blaire,Borsnall,7046451652
394,Thor,Simonyi,9497016108
395,Starr,Dahlbom,3629363663
396,Wileen,Ommanney,6905549344
397,Morganica,Fancy,9038162009
398,Nate,Milborn,2924043744
399,Ardeen,Fache,4196686445
400,Thibaut,Frontczak,2064351073
401,Jeana,Brack,5861896324
402,Karlens,Acors,3434742730
403,Nerte,Fligg,6295345235
404,Abner,Fugere,5772040109
405,Erskine,Pressdee,3595555188
406,Carolina,Lynnitt,5651485030
407,Yank,Rennicks,4536867790
408,Cyndia,Mayhou,9461613337
409,Larissa,Deeprose,1353212311
410,Roxy,Gwilliam,8958396098
411,Jonell,Waghorn,4052670717
412,Kahlil,Titmuss,2143351263
413,Ric,Dawidowsky,4015927167
414,Harry,Thurbon,7852695986
415,Stephani,Vinau,2506981267
416,Padraic,Bellis,5408334322
417,Yoshi,Reven,9251639756
418,Cassius,Mashal,8742480571
419,Mordecai,Antal,4524962379
420,Timmi,Minelli,4208519945
421,Ahmad,Petric,8816220091
422,Griselda,Lippini,8455506578
423,Friedrick,Rollinshaw,7664760775
424,Vinni,Shepard,2027945768
425,Florida,O' Dooley,2068745142
426,Pamella,Dmitrovic,8702267563
427,Vanny,Nequest,1049682397
428,Sammy,Kyles,4071080662
429,Ulrick,Goldis,7799039392
430,Lamar,Oley,5809130474
431,Osbourn,Wellum,3815979986
432,Gypsy,Pluthero,3455751858
433,Mandel,Roberds,7995900791
434,Dulsea,Orwin,8261444076
435,Vicky,Cords,7369732068
436,Faith,Goodhand,2535151343
437,Stevena,Gunn,1779677781
438,Charlton,Pietruschka,2061852966
439,Karna,Marvelley,4293113116
440,Cesar,Bahl,1629623906
441,Cosmo,Tarpey,4048169109
442,Daria,Kench,6549935518
443,Alvira,Simpole,9573439374
444,Mikkel,Deery,1196916364
445,Gypsy,Graser,9485209257
446,Shaine,Tyers,2555864752
447,Dolorita,Celle,5699527994
448,Valaree,Mussared,7603443171
449,Cheri,Tasseler,1657319693
450,Alic,Mazey,2292216388
451,Keelia,Bellis,7861882643
452,Cordula,Cadman,7021148082
453,Barris,Klehn,3219243151
454,Bidget,Barnewille,3873479405
455,Pearle,Reedman,8376348054
456,Reynard,Thormwell,7136898609
457,Louisa,Aldington,6894134407
458,Darla,Brookzie,1135838918
459,Sascha,Keitley,5191158338
460,Jewell,Jinkins,5823631649
461,Salmon,Hickinbottom,8795657959
462,Bruno,Incogna,9319814615
463,Paola,Donald,6313332340
464,Cecil,Finder,8834650454
465,Shelley,Stratford,7697405210
466,Vergil,Reece,2102136697
467,Caesar,Tender,8333410753
468,Kass,MacGillespie,4757433698
469,Rudd,Derdes,2399977714
470,Josi,Spadelli,8444322722
471,Christen,Bellwood,7752872111
472,Merrily,Allison,3356967822
473,Carlina,Dunn,5864407745
474,Niles,Goode,3308418315
475,Iormina,Ganing,6711875449
476,Kerri,Petheridge,9227526279
477,Claudio,Segar,5129701835
478,Gerta,O'Moylan,1209076714
479,Brander,Geertje,4348848578
480,Tina,MacCaig,5927240118
481,Tess,Extance,5538761832
482,Rodie,Joncic,3902675591
483,Elbertina,Imms,6502772899
484,Gerrilee,Chinery,6077912421
485,Kate,Deeth,9776891587
486,Vivianna,Klisch,5601694092
487,Tanya,Poulgreen,6152731904
488,Alethea,Dahle,8781530589
489,Cori,Offner,8145673820
490,Nari,Fleetham,4496296605
491,Saraann,Alfonso,8353447540
492,Gwyn,Bowdrey,9504654117
493,Igor,Ingraham,4587620618
494,Clark,Dykas,3438713178
495,Johannes,Tremlett,9916797621
496,Winna,McKiddin,3369535405
497,Findlay,Stannah,2343184844
498,Asa,Rissen,3605439511
499,Starlin,Salliss,8305995992
500,Marika,Shadrack,6763402406
501,Mab,Skehan,1748371197
502,Dore,Luckes,9889539169
503,Flossie,Stansall,8056583004
504,Donielle,Baughen,4278534366
505,Gisella,Torricina,2421621356
506,Marne,Oldnall,1972408020
507,Major,Demschke,1047098211
508,Job,Syddie,3527945697
509,Stavro,Duffil,6335460910
510,Valerye,Hansman,2981529845
511,Cos,Coulston,1393328336
512,Elianora,Gamett,5148687792
513,Thurstan,Lengthorn,3005809203
514,Byran,Cossar,9933390655
515,Rip,Doulton,2876377449
516,Ann,Toler,9275180922
517,Skipton,Baudinelli,8638037462
518,Angel,Haster,1332034019
519,Riannon,Proppers,7652743444
520,Dacie,Ballay,1796072178
521,Cleveland,Dreng,4924085499
522,Isaak,Bagnold,3382261495
523,Alberta,Edmonston,2469299536
524,Tristan,Baildon,2998876798
525,Stanislaw,Maudson,6889983822
526,Modesty,MacCague,9281216331
527,Hagen,Lindsey,4342550329
528,Daffie,Wagenen,3898470563
529,Ignazio,Earthfield,6779373259
530,Mallory,Bothe,4745911387
531,Ethyl,Hunt,6343981752
532,Harrie,Pepis,6302421025
533,Alessandro,Whitlock,6024222732
534,Keslie,Chateau,2099961287
535,Elsbeth,Whatling,9051851383
536,Ulrika,Umbert,2835129120
537,Francesca,Occleshaw,9315036519
538,Stirling,McKendo,5077033701
539,Laurie,Di Giacomo,1921478481
540,Pauli,O'Looney,5475879596
541,Dave,Lynthal,5203592635
542,Marigold,Stickney,8218475033
543,Jewel,Cancellieri,5607056948
544,Corena,Alman,2248654842
545,Herminia,Beauvais,4888880380
546,Shirleen,Witherbed,8532022109
547,Pate,Beart,2959541695
548,Julian,Fautly,4704297957
549,Sophey,Trebble,9923258367
550,Damaris,Tooth,2783766951
551,Cristi,Yesenev,6943822334
552,Lonee,Hawkins,8021046058
553,Donielle,Perford,2146115570
554,Royal,De Gowe,8374295482
555,Vaughn,Dehm,3232945863
556,Damara,Ledner,9516701972
557,Friedrich,Garahan,8734788676
558,Doro,Saffle,2601595295
559,Gertruda,Wisby,6573319898
560,Pegeen,Kuzma,2246897523
561,Nico,Ledbury,3232266718
562,Artemis,Londsdale,4859136981
563,Sinclair,Novelli,7265439832
564,Nathalie,Harefoot,9598288131
565,Jobie,McLinden,3728063792
566,Shadow,Elson,1643388217
567,Thorpe,Eggleston,8579590137
568,Sinclare,Goublier,7444102396
569,Carie,Hilliam,7144833276
570,Erhart,Houndesome,5565110413
571,Wylma,Shepland,8153801274
572,Lavinia,Junkin,8683847356
573,Belia,Degnen,1422523354
574,Zacharia,Morando,1346247396
575,Manon,McMillian,5025669465
576,Darryl,Helmke,4945622521
577,Valencia,Tanswill,7438171602
578,Jaime,Dowtry,3335373401
579,Jacquenetta,Fernao,3207974299
580,Myrlene,Freshwater,1975106184
581,Demetria,Gateland,6606547882
582,Oliviero,Apfler,8956711949
583,Palm,Filyaev,3176690122
584,Rochella,Scullin,3842638274
585,Marin,Vassman,6294393708
586,Nelia,Cornelius,4494657545
587,Hector,Betancourt,7235868653
588,Giselbert,Kleinstern,3344587634
589,Francesca,Crowdson,5209113988
590,Theressa,Eilhermann,9194212650
591,Eada,McAllan,7772485518
592,Terza,Lammie,2993144101
593,Rickey,Lemerie,5444980616
594,Terri,Runciman,3196302762
595,Niccolo,Edmondson,6037799548
596,Tally,Landsberg,4307476313
597,Bryn,MacTeague,8887009150
598,Harlie,Wardley,5789331630
599,Tabatha,Fenne,7134066649
600,Jen,Brody,7821390184
601,Ulric,Baldick,2378172338
602,Marijo,Larkworthy,6698500427
603,Annadiana,Gabitis,1627070282
604,Dena,Jeanesson,3832253570
605,Dare,Dransfield,3412186203
606,Sammy,Jore,8265464674
607,Constantine,Maund,9435792145
608,Dagny,Clemens,2501520785
609,Rodolphe,Holdron,4748375095
610,Ignazio,Charrett,1483414416
611,Bartholemy,Raspel,8617166264
612,Tedda,De Bruijne,6381223167
613,Cart,Huddart,9806363338
614,Rupert,Niche,2706199634
615,Pascale,Blomefield,1324245222
616,Marsha,Caghan,9894148825
617,Murielle,Castelluzzi,8206993598
618,Karin,MacCombe,8971258600
619,Gerladina,Tumbridge,7871457731
620,Shanon,O'Corr,1418280235
621,Deeyn,Garden,8199345495
622,Sandra,McGebenay,4086343748
623,Fabien,Winspurr,7336854448
624,Sybila,Rignall,4572373537
625,Denyse,Wilshire,4516365544
626,Michale,Stagg,6668266610
627,Morten,Kensington,8968990684
628,Kimbra,Curzon,7255551606
629,Mano,Seer,6751418787
630,Bondy,Ricold,9034800394
631,Letti,Illesley,1896070375
632,Marybelle,Grigorian,8986925772
633,Ashton,De Avenell,1271903980
634,Paulie,Ferrao,6187252476
635,Sianna,Ryde,5127270201
636,Catha,Tuffell,7951163798
637,Fara,Walsham,1294932308
638,Cordie,Jerzak,4381732282
639,Erik,Pentercost,2215849659
640,Mathian,Yemm,4196930087
641,Bonny,Kellaway,5973167014
642,Brigg,Clymer,3701512498
643,Corby,Pionter,4087182346
644,Horacio,Pursehouse,2289464011
645,Garwin,Blue,8473339103
646,Schuyler,Baskerfield,2074115834
647,Osmund,Smolan,8452821974
648,Benita,Ryding,5936842266
649,Pasquale,Huguenet,5376207948
650,Barris,Fedynski,2055539697
651,Iorgo,Dudson,6221760993
652,Sabrina,Clace,1576899751
653,Ty,Britner,7247470896
654,Melloney,Georghiou,4758656405
655,Nap,Scurrey,9619242969
656,Tasha,O'Hare,8708765954
657,Rivkah,Rany,4722434356
658,Daphna,Eadington,2349105610
659,Stanleigh,Whittlesee,2785569981
660,Moe,Jansens,2677518498
661,Etta,McReedy,9565267903
662,Rabbi,Philbin,8918965842
663,Obediah,Habbon,9321483441
664,Celestine,Fernan,6416136380
665,Berkley,Van Vuuren,8116506556
666,Leeanne,Coushe,2071535692
667,Dawn,Jendas,6958156295
668,Sheffie,Palphramand,3724350394
669,Daren,Brundall,8984019443
670,Bartlet,O'Callaghan,1677354237
671,Christi,Henrych,5632799511
672,Franchot,Mallebone,9094783829
673,Norri,Lackinton,5283943139
674,Laetitia,Storch,4616131678
675,Carleton,Bramwell,8267287615
676,Jarad,Rime,5561607074
677,Thorpe,Asals,2732540144
678,Nelia,Carlos,9776393697
679,Jereme,Farrow,4203689645
680,Nicholas,Scally,5015235898
681,Manon,Eidelman,3651952138
682,Ardella,Frood,9252909354
683,Deeann,Paolinelli,5908480325
684,Ruby,Gioan,1364197589
685,Camey,Hambleton,7194369315
686,Denyse,Ginman,8367660516
687,Haily,Cockram,4137824655
688,Raviv,Dake,2431396953
689,Lexis,Pullin,2072813337
690,Matti,Gadsdon,8415429699
691,Catha,Pottell,2832858163
692,Susi,Jovic,6659197938
693,Corey,Edgeon,1088819699
694,Fanchette,Gollop,3201732440
695,Reinald,Jepson,3678543901
696,Hank,Dulieu,7818878369
697,Laird,Yon,6361742097
698,Garrick,Capineer,6061063108
699,Hilliary,Favey,3411214182
700,Kerry,Niblett,7895998117
701,Lindi,Frenzl,9621519506
702,Evvy,Turnpenny,2517771374
703,Persis,Ingledow,3609405056
704,Roda,Filippo,2964885073
705,Merl,Lutzmann,7243320028
706,Griffie,Room,2644530056
707,Liam,Beasleigh,1269649195
708,Blondelle,Dobbson,5792707468
709,Stanislaus,Cianelli,8769770626
710,Ephraim,Mavin,6051409426
711,Bari,Steaning,3498010817
712,Zeke,Faircliff,3338142049
713,Pacorro,Scanlon,3816749099
714,Goddard,O'Keevan,7152138060
715,Jayme,Simonyi,5793624878
716,Berte,Ricciardo,6177235781
717,Papageno,Dicey,3727434169
718,Bobby,Varfalameev,9904119412
719,Bobine,Fissenden,6408937334
720,Davie,Clere,1794075470
721,Benita,Dorot,2358129472
722,Nil,Martinovsky,1482380249
723,Kayle,Gerin,1054378997
724,Simone,Brimfield,4762752661
725,Fredrick,Rowes,9931993070
726,Idelle,Kimmitt,2585166027
727,Clark,Thumim,1588648826
728,Vinnie,Mylchreest,1784246901
729,Rolf,Commuzzo,3716237081
730,Janela,Diviney,5783486454
731,Roddy,Tollfree,5649940205
732,Kat,Yearnsley,8214597109
733,Ilsa,Brill,7156853212
734,Gerrard,Spikins,5786650330
735,Myca,Jenkerson,2503277557
736,Vonny,Whissell,6907724843
737,Nicol,Hovell,3082576807
738,Codie,Le Maitre,4115933681
739,Amber,Harrowing,7485863251
740,Melli,Bernini,6783096021
741,Lorain,Dreghorn,4939151225
742,Massimo,Lidgett,7363968357
743,Thaxter,Whitehouse,3549298728
744,Baron,Poulsom,3494957713
745,Maurita,Armes,3059173444
746,Franklin,Sarfas,1941785655
747,Ellis,Calterone,4099965380
748,Linette,Avramovsky,9408671632
749,Goldia,Straughan,9244140804
750,Dierdre,Fancutt,9914487951
751,Cyndy,Colombier,2272108685
752,Roseanna,Dungey,5929529966
753,Seana,Enefer,4169210495
754,Dory,Petticrow,5553927153
755,Reginauld,Northing,8593430111
756,Gill,Goadbie,1034477550
757,Jacky,Matthessen,7134947468
758,Caresa,Nester,7634488737
759,Karen,Earingey,2169156842
760,Harmonie,L' Estrange,4818868718
761,Celesta,Feld,8489630481
762,Gayleen,Tolotti,5078982856
763,Jdavie,Huggan,3383153366
764,Angelita,Kilshall,3331797926
765,Karissa,Colter,1729963681
766,Bernie,Javes,2708799338
767,Bren,Runnalls,9332462094
768,Carie,Kerwen,9783152340
769,Carlyle,Crossfeld,8612912357
770,Aurie,Jacobs,2136750743
771,Finley,Kilbride,5379239800
772,Emlyn,Eggar,7833431527
773,Sarette,Millthorpe,1508148751
774,Robina,Fitzgerald,8313449649
775,Granny,Shallow,4074232565
776,Golda,Northcott,1638777015
777,Rebecca,Frostdicke,3849455457
778,Lauri,Tuffey,6858706358
779,Sven,Peregrine,6187352643
780,Eldon,Dimanche,2632416766
781,Kermit,Bome,6961620645
782,Pearl,Vanichkov,3437080349
783,Laird,Sphinxe,1067382402
784,Joelle,Osgorby,6385056598
785,Bryan,Kiljan,4899950100
786,Suzann,MacAindreis,1603956007
787,Moyra,Caps,4938025115
788,Ben,Romeo,2012309778
789,Pietra,MacGiolla,5669147265
790,Maureen,Petyt,4127329057
791,Marleen,Trevillion,2178827323
792,Rozele,Tortoise,2279156614
793,Bobinette,Yerbury,6623063925
794,Yoshi,Lawlance,4381799514
795,Skip,Dunklee,7556631431
796,Rennie,Antonnikov,9045525408
797,Evelin,Spread,5639962245
798,Brian,Kenderdine,1297624497
799,Robbin,Crallan,1395470787
800,Madelle,Brayn,7208447766
801,Percy,Demer,8225862993
802,Rheta,Crofthwaite,5982592262
803,Georg,Snaddon,5072109483
804,Shelia,Ruecastle,7911600071
805,Smitty,Mackin,1329717803
806,Hildagard,Hills,5815474220
807,Klara,Johanning,7899591924
808,Doloritas,Rickcord,5803070580
809,Iosep,Waistall,8948613733
810,Mohandas,Robeiro,2676607089
811,Falito,Bolsteridge,9016902875
812,Fitzgerald,Shillitto,1318364503
813,Irene,Fritter,9189898748
814,Melosa,Johnikin,8801047608
815,Tallie,MacGuffie,3706323547
816,Gregoire,Brigge,7211735460
817,Marsh,Wickendon,2517883213
818,Giusto,Osband,2575329607
819,Casi,Beminster,8733798691
820,Jerad,Harbin,6707532280
821,Claiborn,Dallison,6117238227
822,Kyle,Sewley,6909582490
823,Eugenie,Horney,1442216347
824,Starlene,Collip,6947391849
825,Hodge,Fevier,3426965369
826,Kirsti,Mellanby,3045015143
827,Sonny,Zanneli,1368011458
828,Ezmeralda,Vanderplas,9912866729
829,Gael,Swindon,5777858535
830,Sasha,Challender,6408385512
831,Karon,Shewon,4811178795
832,Koressa,Partridge,6079927121
833,Vittorio,Lemerle,5743751604
834,Wilhelmine,Swatland,2296619168
835,Jules,Windeatt,6321431567
836,Winifield,Brameld,8325180404
837,Aura,Findley,1706565501
838,Danni,Dudbridge,8947733704
839,Lorianna,Itzkov,6048448577
840,Hendrika,Benoi,7845912641
841,Reuven,Yoseloff,3804805797
842,Malory,Lyard,7486966594
843,Aristotle,Barfoot,8502749242
844,Hinda,Mansion,3604811923
845,Aurelie,Padillo,5934747639
846,Cherilynn,Leasor,2642262556
847,Farra,Matton,1299839994
848,Allsun,Albasiny,6703272255
849,Moss,Eadon,9488211181
850,Manon,Hookes,7517473086
851,Star,Smithin,2857787381
852,Hattie,Ranklin,4052158586
853,Harp,Dymick,4608818422
854,Carey,Chree,6513714235
855,Christoph,Lesmonde,8552093367
856,Sergei,Denzey,6577263463
857,Ines,Stanex,9877369110
858,Uri,Pascoe,5585134509
859,Tarah,Dove,5103006806
860,Alma,Chatain,3666858290
861,Waldemar,Mattingley,6267328509
862,Nilson,de Quesne,8629428343
863,Jackie,Mushawe,4501746175
864,Monica,Dionsetti,1668982836
865,Moishe,O'Fihily,6165609713
866,Con,Docker,2424152869
867,Lyda,Heckner,1539787089
868,Jemie,Flowith,6285263331
869,Alexandros,Cardenoza,6583330836
870,Mitchell,MacEllen,6724145401
871,Batholomew,Dielhenn,8129474825
872,Nichole,Fetteplace,8833115453
873,Mychal,MacPaden,2481502442
874,Trueman,Ick,4426777555
875,Bertina,Berka,7753753847
876,Hamid,Croutear,6767044865
877,Netti,Belch,3316822484
878,Celle,Croyden,2628360468
879,Emmanuel,Lax,3121752507
880,Marty,Ramsier,8224741906
881,Shell,Arnout,9614647461
882,Morgan,Fealty,9042782323
883,Antone,Exell,7359961023
884,Delinda,Toms,8524018861
885,Stanford,Gimert,7731551709
886,Genni,Burdge,5476312746
887,Juliette,Willard,2703079871
888,Ursuline,Frake,6153697152
889,Flemming,Lindenboim,6178383101
890,Myrtle,Dawidsohn,3983947984
891,Robyn,Cottem,1881571412
892,Nicolis,Conville,1345824029
893,Giorgia,Maggi,3513850017
894,Herschel,Slocumb,1229264926
895,Lemuel,Yeoland,5483538475
896,Corena,Legging,1837689445
897,Angelica,Hardy-Piggin,6014080038
898,Yard,Cranmer,8275056011
899,Hagan,Daviot,6151563917
900,Zaria,Rowesby,5865441685
901,Maison,Elliss,6132669419
902,Jeremiah,Jacquet,1044051574
903,Darleen,Fogden,1815207956
904,Ede,Ishak,4071260917
905,Cicily,Schrir,3404942019
906,Elwood,Simpson,6972974932
907,Kelcie,Hultberg,1817825340
908,Gracia,Bread,1177487098
909,Andeee,McConaghy,3175269389
910,Isidore,Vaskov,4129871301
911,Heloise,Freak,3271755166
912,Willa,Arnoldi,4155702277
913,Adolphe,Tomashov,1904376206
914,Ursula,Lemerle,2674337461
915,Sybyl,Smeuin,3643129950
916,Gertie,Murfett,8464320138
917,Melosa,Rive,2812995627
918,Robers,Hardson,4362765133
919,Jen,MacElroy,7414800320
920,Pauletta,Markham,3769943764
921,Sheba,Sleet,3687282964
922,Caressa,Iddons,5378149461
923,Darryl,Usmar,8129779149
924,Cherilynn,Syddie,4543386002
925,Shae,Ickov,4074733418
926,Cornela,Tiery,1322085004
927,Leeann,Luddy,7313759661
928,Guendolen,Antham,8822862698
929,Daveen,Guyers,5528045659
930,Lucia,Kenningham,4534166628
931,Wallis,Graver,5172027836
932,Xerxes,Bruckent,4356441220
933,Noelle,Lowry,1701053617
934,Christabella,Sainsbury,6107785064
935,Lynea,Shirley,8401703551
936,Ajay,Ledington,9108742138
937,Thaine,Schohier,1643830830
938,Eolanda,Keller,1921181834
939,Rich,Stoad,8819152155
940,Tanney,Wooles,2398236026
941,Skylar,Lassells,4472075559
942,Ara,Dark,8659292807
943,Georgie,Skedgell,2262203530
944,Janice,Claesens,1658978861
945,Valry,Loosemore,1114194152
946,Ripley,Bisacre,7619756068
947,Carlye,Broadist,5052151299
948,Oliver,Sowten,2885848597
949,Winfred,Harriagn,6781470132
950,Hendrik,Downs,7531065660
951,Daryl,Gauvin,1599872787
952,Shir,Kimble,4069709265
953,Bridget,Ander,7578654752
954,Cal,Oxer,8976604871
955,Anjanette,Bolingbroke,2952939694
956,Con,Molyneux,7678045046
957,Cornell,Brobyn,5131199181
958,Layton,Sketh,8193330134
959,Chloris,Haack,5045567649
960,Christie,Veel,9672817138
961,Jaynell,Baldacchi,2817041257
962,George,Bain,4631547367
963,Jermain,Gardner,3467248254
964,Shellysheldon,Catterson,4294304425
965,Joli,Thicking,6817907359
966,Berny,Tipton,8122206668
967,Tybi,Timlin,4035477473
968,Cinnamon,Rama,2373690903
969,Ina,Van Halen,4063653087
970,Jamison,Fullstone,8005218811
971,Bari,Gallego,8907903137
972,Jilly,Copnall,1623243829
973,Grata,Krikorian,5253783490
974,Neddie,Curran,2455769942
975,Perl,Batho,9734074841
976,Dylan,Shurey,8004860589
977,Corby,Mant,6372363299
978,Judye,Gettone,3213169265
979,Ofella,Studde,4246708842
980,Ardys,Reddin,9977340510
981,Margareta,Ties,2878197629
982,Letitia,Vannikov,9576153118
983,Findlay,Savory,5511110976
984,Dino,Rowthorn,9459689130
985,David,Lippini,2534573495
986,Latrina,Cardnell,9571743615
987,Leia,Cobson,5529227453
988,Jackson,Fursey,5497048550
989,Corilla,Inkle,9731940876
990,Rupert,Bowerbank,7359740704
991,Hi,Braisted,6206342147
992,Guss,Swindin,3704426781
993,Joceline,Revett,9683403327
994,Emera,Furphy,3665101541
995,Alexia,Fayers,7114646522
996,Elwira,Japp,6416041304
997,Deane,Smeeth,5917473356
998,Adriane,Comberbeach,9305035292
999,Malvina,Grayham,7682236731
1000,Kelsy,Lambertazzi,7708693407
